query,title
红糖,买5送1 黔西南古方红糖 贵州手工古法老红糖土红糖块黑糖180g/瓶
红糖,第2件半价包邮 红糖土红糖古法甘蔗压榨老红糖黑糖非冰糖 500克
红糖,买3送1 土红糖 赣南老红糖 红糖块 甘蔗熬制江西特产 500g
红糖,广西甘蔗土红糖农家黑糖手工老红糖块可做酵素包邮超云南产妇蔗糖
红糖,孝菇林正品环保酵素红糖批发赤砂糖厂家直销黑糖3元斤非包邮品
红糖,【2送1】云南柴火老古法红糖块500g甘蔗月子黑糖块土酵素包邮
红糖,广西甘蔗原汁熬制红糖粉红糖老红糖土红糖黑糖 500g
红糖,香冠云南手工古法红糖400g*2袋土红糖贵族老红糖姨妈黑糖甘蔗熬制
红糖,广西正宗手工老红糖批发酵素用方块黑糖产妇痛经喝产地直发超云南
红糖,农家特产手工古法老红糖黑糖粉甘蔗土红糖500g 月子痛经滋补包邮
红糖,甘汁园红糖纯正红糖350克袋装红糖古法老红糖粉原料甘蔗
红糖,四川农家正宗古法纯甘蔗老红糖土红糖块土黑糖块产妇月子500g
红糖,金怡神老姜红糖生姜母姜汁大红枣姜茶姜水驱寒暖宫黑糖独立装批发
红糖,买1送黄冰糖 赣南甘蔗红糖1000g 红糖块 老红糖 土 江西特产
红糖,花姐云南黑糖块 元宝红糖块甘蔗古法老红糖土红糖非冰糖 散装400g
红糖,买5送1 金怡神老姜红糖 姜汁红糖老姜汤老姜茶 姜母茶姜糖茶200克
红糖,新纯正土红糖老红糖原榨纯天然蔗糖红糖粉红糖散装批发500g
红糖,云南红糖 黑糖块古法纯手工老红糖 特产土红糖甘蔗熬制400g
红糖,【天猫超市】舒可曼赤砂糖 俗称红糖350g 女生经期红糖凉拌冲饮
红糖,广西古法方红糖正宗手工土黑糖老红糖块甘蔗土法熬制痛经500g
红糖,许氏醇品手工古法红糖 黑糖红糖块土红糖 非云南月子痛经 包邮
红糖,台湾进口黑金传奇黑糖姜母茶 红糖生姜茶老姜汤 暖宫驱寒455g包邮
红糖,博罗 观音阁红糖 土红糖 中国黑糖 惠州博罗观音阁特产
红糖,云南特产古法红糖手工熬制黑糖块元宝土红糖纯正老 400g*2袋
红糖,广西古法方红糖正宗手工土黑糖老红糖块甘蔗土法熬制酵素必备500g
红糖,广西正宗纯甘蔗土红糖农家黑糖超云南老红糖块酵素产妇月子糖包邮
红糖,广西红糖古法土制红糖手工老红糖黑糖块暖宫痛经月子产妇月子
红糖,包邮古法土红糖块黑糖块1000克 云南纯手工老红糖 糖厂做来自吃的
红糖,5斤 广西甘蔗老红糖 黄糖片 酵素用糖 红片糖 黄片糖 批发 包邮
红糖,【天猫超市】 太古 姜汁红糖 300g 袋装 食用糖 调味佳品
红糖,冠莲古法红糖批发老红糖黑糖手工红糖块甘蔗熬制糖纯正土包邮
红糖,2斤包邮农家自制土红糖块批发广西月子痛经纯甘蔗古法手工黑糖
红糖,金怡神月月红糖生姜汁大姨妈枣枸杞古法黑糖女生月经独立小袋装
红糖,2份包邮 太古姜汁红糖225g 红糖姜茶红糖姜汤 独立小包装可冲
红糖,广西红糖老红糖土黑糖手工老红糖黑糖非云南非冰糖批发500克每件
红糖,【拍下9.9元】四月茶侬姜茶 红糖姜茶200g红糖块姜母茶速溶老姜汤
红糖,茶先森 红糖姜茶 姜汁红糖 姜红糖 生姜红糖 老姜汤姜母茶 共40条
红糖,古法手工姜母红糖生姜汁老姜汤 红糖姜茶驱寒暖宫痛经黑糖块500g
红糖,买1送1轩庆云南红糖 黑糖块古法手工老红糖 特产土红糖甘蔗黑糖茶
红糖,包邮:5月产台湾黑金传奇黑糖姜母茶 红糖生姜茶 暖宫驱寒老姜汁汤
红糖,红糖 自家土老古法红糖黑糖 纯甘蔗 非冰糖250g 老红糖块满额包邮
红糖,9.9抢轩庆红糖姜茶 黑糖姜茶 生姜红糖块速溶老姜汤黑糖块姜母茶
红糖,艺福堂红糖姜茶 包邮 姜茶 生姜红糖 花草茶 速溶老姜汤 125g*2盒
红糖,冠莲 古法红糖老红糖黑糖土红糖块手工红糖甘蔗糖纯正2000克包邮
红糖,特价抢购 红糖姜茶 杯口留香红糖姜块茶200g姜母茶速溶老姜汤包邮
红糖,百寿元广西甘蔗土红糖农家黑糖手工老红糖块粉古法蔗糖500g*2包邮
红糖,黑糖姜茶驱寒老姜汤姜母茶古法红糖暖宫痛经姜丝红枣超量250g包邮
红糖,云南手工古法黑糖/红糖/老红糖块 月子大姨妈 独立包装 500g
红糖,孝菇林正品环保酵素红糖批发赤砂糖厂家直销黑糖3元斤非包邮品
红糖,【2送1】云南柴火老古法红糖块500g甘蔗月子黑糖块土酵素包邮
红糖,广西甘蔗原汁熬制红糖粉红糖老红糖土红糖黑糖 500g
红糖,香冠云南手工古法红糖400g*2袋土红糖贵族老红糖姨妈黑糖甘蔗熬制
红糖,广西正宗手工老红糖批发酵素用方块黑糖产妇痛经喝产地直发超云南
红糖,农家特产手工古法老红糖黑糖粉甘蔗土红糖500g 月子痛经滋补包邮
红糖,甘汁园红糖纯正红糖350克袋装红糖古法老红糖粉原料甘蔗
红糖,四川农家正宗古法纯甘蔗老红糖土红糖块土黑糖块产妇月子500g
红糖,买3送1 土红糖 赣南老红糖 红糖块 甘蔗熬制江西特产 500g
红糖,金怡神老姜红糖生姜母姜汁大红枣姜茶姜水驱寒暖宫黑糖独立装批发
红糖,买1送黄冰糖 赣南甘蔗红糖1000g 红糖块 老红糖 土 江西特产
红糖,花姐云南黑糖块 元宝红糖块甘蔗古法老红糖土红糖非冰糖 散装400g
红糖,买5送1 金怡神老姜红糖 姜汁红糖老姜汤老姜茶 姜母茶姜糖茶200克
红糖,新纯正土红糖老红糖原榨纯天然蔗糖红糖粉红糖散装批发500g
红糖,云南红糖 黑糖块古法纯手工老红糖 特产土红糖甘蔗熬制400g
红糖,【天猫超市】舒可曼赤砂糖 俗称红糖350g 女生经期红糖凉拌冲饮
红糖,广西古法方红糖正宗手工土黑糖老红糖块甘蔗土法熬制痛经500g
红糖,许氏醇品手工古法红糖 黑糖红糖块土红糖 非云南月子痛经 包邮
红糖,台湾进口黑金传奇黑糖姜母茶 红糖生姜茶老姜汤 暖宫驱寒455g包邮
红糖,博罗 观音阁红糖 土红糖 中国黑糖 惠州博罗观音阁特产
红糖,云南特产古法红糖手工熬制黑糖块元宝土红糖纯正老 400g*2袋
红糖,广西古法方红糖正宗手工土黑糖老红糖块甘蔗土法熬制酵素必备500g
红糖,广西正宗纯甘蔗土红糖农家黑糖超云南老红糖块酵素产妇月子糖包邮
红糖,广西红糖古法土制红糖手工老红糖黑糖块暖宫痛经月子产妇月子
红糖,包邮古法土红糖块黑糖块1000克 云南纯手工老红糖 糖厂做来自吃的
红糖,5斤 广西甘蔗老红糖 黄糖片 酵素用糖 红片糖 黄片糖 批发 包邮
红糖,【天猫超市】 太古 姜汁红糖 300g 袋装 食用糖 调味佳品
红糖,冠莲古法红糖批发老红糖黑糖手工红糖块甘蔗熬制糖纯正土包邮
红糖,2斤包邮农家自制土红糖块批发广西月子痛经纯甘蔗古法手工黑糖
红糖,金怡神月月红糖生姜汁大姨妈枣枸杞古法黑糖女生月经独立小袋装
红糖,2份包邮 太古姜汁红糖225g 红糖姜茶红糖姜汤 独立小包装可冲
红糖,广西红糖老红糖土黑糖手工老红糖黑糖非云南非冰糖批发500克每件
红糖,【拍下9.9元】四月茶侬姜茶 红糖姜茶200g红糖块姜母茶速溶老姜汤
红糖,茶先森 红糖姜茶 姜汁红糖 姜红糖 生姜红糖 老姜汤姜母茶 共40条
红糖,古法手工姜母红糖生姜汁老姜汤 红糖姜茶驱寒暖宫痛经黑糖块500g
红糖,买1送1轩庆云南红糖 黑糖块古法手工老红糖 特产土红糖甘蔗黑糖茶
红糖,包邮:5月产台湾黑金传奇黑糖姜母茶 红糖生姜茶 暖宫驱寒老姜汁汤
红糖,红糖 自家土老古法红糖黑糖 纯甘蔗 非冰糖250g 老红糖块满额包邮
红糖,9.9抢轩庆红糖姜茶 黑糖姜茶 生姜红糖块速溶老姜汤黑糖块姜母茶
红糖,艺福堂红糖姜茶 包邮 姜茶 生姜红糖 花草茶 速溶老姜汤 125g*2盒
红糖,冠莲 古法红糖老红糖黑糖土红糖块手工红糖甘蔗糖纯正2000克包邮
红糖,特价抢购 红糖姜茶 杯口留香红糖姜块茶200g姜母茶速溶老姜汤包邮
红糖,百寿元广西甘蔗土红糖农家黑糖手工老红糖块粉古法蔗糖500g*2包邮
红糖,黑糖姜茶驱寒老姜汤姜母茶古法红糖暖宫痛经姜丝红枣超量250g包邮
红糖,【2送1】云南柴火老古法红糖块500g甘蔗月子黑糖块土酵素包邮
红糖,广西甘蔗原汁熬制红糖粉红糖老红糖土红糖黑糖 500g
红糖,香冠云南手工古法红糖400g*2袋土红糖贵族老红糖姨妈黑糖甘蔗熬制
红糖,广西正宗手工老红糖批发酵素用方块黑糖产妇痛经喝产地直发超云南
红糖,农家特产手工古法老红糖黑糖粉甘蔗土红糖500g 月子痛经滋补包邮
红糖,甘汁园红糖纯正红糖350克袋装红糖古法老红糖粉原料甘蔗
红糖,四川农家正宗古法纯甘蔗老红糖土红糖块土黑糖块产妇月子500g
红糖,买3送1 土红糖 赣南老红糖 红糖块 甘蔗熬制江西特产 500g
红糖,金怡神老姜红糖生姜母姜汁大红枣姜茶姜水驱寒暖宫黑糖独立装批发
红糖,买1送黄冰糖 赣南甘蔗红糖1000g 红糖块 老红糖 土 江西特产
红糖,花姐云南黑糖块 元宝红糖块甘蔗古法老红糖土红糖非冰糖 散装400g
红糖,买5送1 金怡神老姜红糖 姜汁红糖老姜汤老姜茶 姜母茶姜糖茶200克
红糖,新纯正土红糖老红糖原榨纯天然蔗糖红糖粉红糖散装批发500g
红糖,云南红糖 黑糖块古法纯手工老红糖 特产土红糖甘蔗熬制400g
红糖,【天猫超市】舒可曼赤砂糖 俗称红糖350g 女生经期红糖凉拌冲饮
红糖,广西古法方红糖正宗手工土黑糖老红糖块甘蔗土法熬制痛经500g
红糖,许氏醇品手工古法红糖 黑糖红糖块土红糖 非云南月子痛经 包邮
红糖,台湾进口黑金传奇黑糖姜母茶 红糖生姜茶老姜汤 暖宫驱寒455g包邮
红糖,博罗 观音阁红糖 土红糖 中国黑糖 惠州博罗观音阁特产
红糖,云南特产古法红糖手工熬制黑糖块元宝土红糖纯正老 400g*2袋
红糖,广西古法方红糖正宗手工土黑糖老红糖块甘蔗土法熬制酵素必备500g
红糖,广西正宗纯甘蔗土红糖农家黑糖超云南老红糖块酵素产妇月子糖包邮
红糖,广西红糖古法土制红糖手工老红糖黑糖块暖宫痛经月子产妇月子
红糖,包邮古法土红糖块黑糖块1000克 云南纯手工老红糖 糖厂做来自吃的
红糖,5斤 广西甘蔗老红糖 黄糖片 酵素用糖 红片糖 黄片糖 批发 包邮
红糖,【天猫超市】 太古 姜汁红糖 300g 袋装 食用糖 调味佳品
红糖,冠莲古法红糖批发老红糖黑糖手工红糖块甘蔗熬制糖纯正土包邮
红糖,2斤包邮农家自制土红糖块批发广西月子痛经纯甘蔗古法手工黑糖
红糖,金怡神月月红糖生姜汁大姨妈枣枸杞古法黑糖女生月经独立小袋装
红糖,2份包邮 太古姜汁红糖225g 红糖姜茶红糖姜汤 独立小包装可冲
红糖,广西红糖老红糖土黑糖手工老红糖黑糖非云南非冰糖批发500克每件
红糖,【拍下9.9元】四月茶侬姜茶 红糖姜茶200g红糖块姜母茶速溶老姜汤
红糖,茶先森 红糖姜茶 姜汁红糖 姜红糖 生姜红糖 老姜汤姜母茶 共40条
红糖,古法手工姜母红糖生姜汁老姜汤 红糖姜茶驱寒暖宫痛经黑糖块500g
红糖,买1送1轩庆云南红糖 黑糖块古法手工老红糖 特产土红糖甘蔗黑糖茶
红糖,包邮:5月产台湾黑金传奇黑糖姜母茶 红糖生姜茶 暖宫驱寒老姜汁汤
红糖,红糖 自家土老古法红糖黑糖 纯甘蔗 非冰糖250g 老红糖块满额包邮
红糖,9.9抢轩庆红糖姜茶 黑糖姜茶 生姜红糖块速溶老姜汤黑糖块姜母茶
红糖,艺福堂红糖姜茶 包邮 姜茶 生姜红糖 花草茶 速溶老姜汤 125g*2盒
红糖,冠莲 古法红糖老红糖黑糖土红糖块手工红糖甘蔗糖纯正2000克包邮
红糖,特价抢购 红糖姜茶 杯口留香红糖姜块茶200g姜母茶速溶老姜汤包邮
红糖,百寿元广西甘蔗土红糖农家黑糖手工老红糖块粉古法蔗糖500g*2包邮
红糖,黑糖姜茶驱寒老姜汤姜母茶古法红糖暖宫痛经姜丝红枣超量250g包邮
红糖,云南手工古法黑糖/红糖/老红糖块 月子大姨妈 独立包装 500g
红糖,广西甘蔗原汁熬制红糖粉红糖老红糖土红糖黑糖 500g
红糖,香冠云南手工古法红糖400g*2袋土红糖贵族老红糖姨妈黑糖甘蔗熬制
红糖,广西正宗手工老红糖批发酵素用方块黑糖产妇痛经喝产地直发超云南
红糖,农家特产手工古法老红糖黑糖粉甘蔗土红糖500g 月子痛经滋补包邮
红糖,甘汁园红糖纯正红糖350克袋装红糖古法老红糖粉原料甘蔗
红糖,四川农家正宗古法纯甘蔗老红糖土红糖块土黑糖块产妇月子500g
红糖,买3送1 土红糖 赣南老红糖 红糖块 甘蔗熬制江西特产 500g
红糖,金怡神老姜红糖生姜母姜汁大红枣姜茶姜水驱寒暖宫黑糖独立装批发
红糖,买1送黄冰糖 赣南甘蔗红糖1000g 红糖块 老红糖 土 江西特产
红糖,花姐云南黑糖块 元宝红糖块甘蔗古法老红糖土红糖非冰糖 散装400g
红糖,买5送1 金怡神老姜红糖 姜汁红糖老姜汤老姜茶 姜母茶姜糖茶200克
红糖,新纯正土红糖老红糖原榨纯天然蔗糖红糖粉红糖散装批发500g
红糖,云南红糖 黑糖块古法纯手工老红糖 特产土红糖甘蔗熬制400g
红糖,【天猫超市】舒可曼赤砂糖 俗称红糖350g 女生经期红糖凉拌冲饮
红糖,广西古法方红糖正宗手工土黑糖老红糖块甘蔗土法熬制痛经500g
红糖,许氏醇品手工古法红糖 黑糖红糖块土红糖 非云南月子痛经 包邮
红糖,台湾进口黑金传奇黑糖姜母茶 红糖生姜茶老姜汤 暖宫驱寒455g包邮
红糖,博罗 观音阁红糖 土红糖 中国黑糖 惠州博罗观音阁特产
红糖,云南特产古法红糖手工熬制黑糖块元宝土红糖纯正老 400g*2袋
红糖,广西古法方红糖正宗手工土黑糖老红糖块甘蔗土法熬制酵素必备500g
红糖,广西正宗纯甘蔗土红糖农家黑糖超云南老红糖块酵素产妇月子糖包邮
红糖,广西红糖古法土制红糖手工老红糖黑糖块暖宫痛经月子产妇月子
红糖,包邮古法土红糖块黑糖块1000克 云南纯手工老红糖 糖厂做来自吃的
红糖,5斤 广西甘蔗老红糖 黄糖片 酵素用糖 红片糖 黄片糖 批发 包邮
红糖,【天猫超市】 太古 姜汁红糖 300g 袋装 食用糖 调味佳品
红糖,冠莲古法红糖批发老红糖黑糖手工红糖块甘蔗熬制糖纯正土包邮
红糖,2斤包邮农家自制土红糖块批发广西月子痛经纯甘蔗古法手工黑糖
红糖,金怡神月月红糖生姜汁大姨妈枣枸杞古法黑糖女生月经独立小袋装
红糖,2份包邮 太古姜汁红糖225g 红糖姜茶红糖姜汤 独立小包装可冲
红糖,广西红糖老红糖土黑糖手工老红糖黑糖非云南非冰糖批发500克每件
红糖,【拍下9.9元】四月茶侬姜茶 红糖姜茶200g红糖块姜母茶速溶老姜汤
红糖,茶先森 红糖姜茶 姜汁红糖 姜红糖 生姜红糖 老姜汤姜母茶 共40条
红糖,古法手工姜母红糖生姜汁老姜汤 红糖姜茶驱寒暖宫痛经黑糖块500g
红糖,买1送1轩庆云南红糖 黑糖块古法手工老红糖 特产土红糖甘蔗黑糖茶
红糖,包邮:5月产台湾黑金传奇黑糖姜母茶 红糖生姜茶 暖宫驱寒老姜汁汤
红糖,红糖 自家土老古法红糖黑糖 纯甘蔗 非冰糖250g 老红糖块满额包邮
红糖,9.9抢轩庆红糖姜茶 黑糖姜茶 生姜红糖块速溶老姜汤黑糖块姜母茶
红糖,艺福堂红糖姜茶 包邮 姜茶 生姜红糖 花草茶 速溶老姜汤 125g*2盒
红糖,冠莲 古法红糖老红糖黑糖土红糖块手工红糖甘蔗糖纯正2000克包邮
红糖,特价抢购 红糖姜茶 杯口留香红糖姜块茶200g姜母茶速溶老姜汤包邮
红糖,百寿元广西甘蔗土红糖农家黑糖手工老红糖块粉古法蔗糖500g*2包邮
红糖,黑糖姜茶驱寒老姜汤姜母茶古法红糖暖宫痛经姜丝红枣超量250g包邮
红糖,云南手工古法黑糖/红糖/老红糖块 月子大姨妈 独立包装 500g
红糖,18元包邮云南小粒黄冰糖老冰糖500g非白糖粉古法黑糖土红糖块批发
红糖,香冠云南手工古法红糖400g*2袋土红糖贵族老红糖姨妈黑糖甘蔗熬制
红糖,广西正宗手工老红糖批发酵素用方块黑糖产妇痛经喝产地直发超云南
红糖,农家特产手工古法老红糖黑糖粉甘蔗土红糖500g 月子痛经滋补包邮
红糖,甘汁园红糖纯正红糖350克袋装红糖古法老红糖粉原料甘蔗
红糖,四川农家正宗古法纯甘蔗老红糖土红糖块土黑糖块产妇月子500g
红糖,买3送1 土红糖 赣南老红糖 红糖块 甘蔗熬制江西特产 500g
红糖,金怡神老姜红糖生姜母姜汁大红枣姜茶姜水驱寒暖宫黑糖独立装批发
红糖,买1送黄冰糖 赣南甘蔗红糖1000g 红糖块 老红糖 土 江西特产
红糖,花姐云南黑糖块 元宝红糖块甘蔗古法老红糖土红糖非冰糖 散装400g
红糖,买5送1 金怡神老姜红糖 姜汁红糖老姜汤老姜茶 姜母茶姜糖茶200克
红糖,新纯正土红糖老红糖原榨纯天然蔗糖红糖粉红糖散装批发500g
红糖,云南红糖 黑糖块古法纯手工老红糖 特产土红糖甘蔗熬制400g
红糖,【天猫超市】舒可曼赤砂糖 俗称红糖350g 女生经期红糖凉拌冲饮
红糖,广西古法方红糖正宗手工土黑糖老红糖块甘蔗土法熬制痛经500g
红糖,许氏醇品手工古法红糖 黑糖红糖块土红糖 非云南月子痛经 包邮
红糖,台湾进口黑金传奇黑糖姜母茶 红糖生姜茶老姜汤 暖宫驱寒455g包邮
红糖,博罗 观音阁红糖 土红糖 中国黑糖 惠州博罗观音阁特产
红糖,云南特产古法红糖手工熬制黑糖块元宝土红糖纯正老 400g*2袋
红糖,广西古法方红糖正宗手工土黑糖老红糖块甘蔗土法熬制酵素必备500g
红糖,广西正宗纯甘蔗土红糖农家黑糖超云南老红糖块酵素产妇月子糖包邮
红糖,广西红糖古法土制红糖手工老红糖黑糖块暖宫痛经月子产妇月子
红糖,包邮古法土红糖块黑糖块1000克 云南纯手工老红糖 糖厂做来自吃的
红糖,5斤 广西甘蔗老红糖 黄糖片 酵素用糖 红片糖 黄片糖 批发 包邮
红糖,【天猫超市】 太古 姜汁红糖 300g 袋装 食用糖 调味佳品
红糖,冠莲古法红糖批发老红糖黑糖手工红糖块甘蔗熬制糖纯正土包邮
红糖,2斤包邮农家自制土红糖块批发广西月子痛经纯甘蔗古法手工黑糖
红糖,金怡神月月红糖生姜汁大姨妈枣枸杞古法黑糖女生月经独立小袋装
红糖,2份包邮 太古姜汁红糖225g 红糖姜茶红糖姜汤 独立小包装可冲
红糖,广西红糖老红糖土黑糖手工老红糖黑糖非云南非冰糖批发500克每件
红糖,【拍下9.9元】四月茶侬姜茶 红糖姜茶200g红糖块姜母茶速溶老姜汤
红糖,茶先森 红糖姜茶 姜汁红糖 姜红糖 生姜红糖 老姜汤姜母茶 共40条
红糖,古法手工姜母红糖生姜汁老姜汤 红糖姜茶驱寒暖宫痛经黑糖块500g
红糖,买1送1轩庆云南红糖 黑糖块古法手工老红糖 特产土红糖甘蔗黑糖茶
红糖,包邮:5月产台湾黑金传奇黑糖姜母茶 红糖生姜茶 暖宫驱寒老姜汁汤
红糖,红糖 自家土老古法红糖黑糖 纯甘蔗 非冰糖250g 老红糖块满额包邮
红糖,9.9抢轩庆红糖姜茶 黑糖姜茶 生姜红糖块速溶老姜汤黑糖块姜母茶
红糖,艺福堂红糖姜茶 包邮 姜茶 生姜红糖 花草茶 速溶老姜汤 125g*2盒
红糖,冠莲 古法红糖老红糖黑糖土红糖块手工红糖甘蔗糖纯正2000克包邮
红糖,特价抢购 红糖姜茶 杯口留香红糖姜块茶200g姜母茶速溶老姜汤包邮
红糖,百寿元广西甘蔗土红糖农家黑糖手工老红糖块粉古法蔗糖500g*2包邮
红糖,黑糖姜茶驱寒老姜汤姜母茶古法红糖暖宫痛经姜丝红枣超量250g包邮
红糖,云南手工古法黑糖/红糖/老红糖块 月子大姨妈 独立包装 500g
红糖,18元包邮云南小粒黄冰糖老冰糖500g非白糖粉古法黑糖土红糖块批发
红糖,[150gx2盒]焕畅红糖姜茶 姜汁红糖 姜母茶 老姜汤 阿胶 姜糖茶
红糖,广西正宗手工老红糖批发酵素用方块黑糖产妇痛经喝产地直发超云南
红糖,农家特产手工古法老红糖黑糖粉甘蔗土红糖500g 月子痛经滋补包邮
红糖,甘汁园红糖纯正红糖350克袋装红糖古法老红糖粉原料甘蔗
红糖,四川农家正宗古法纯甘蔗老红糖土红糖块土黑糖块产妇月子500g
红糖,买3送1 土红糖 赣南老红糖 红糖块 甘蔗熬制江西特产 500g
红糖,金怡神老姜红糖生姜母姜汁大红枣姜茶姜水驱寒暖宫黑糖独立装批发
红糖,买1送黄冰糖 赣南甘蔗红糖1000g 红糖块 老红糖 土 江西特产
红糖,花姐云南黑糖块 元宝红糖块甘蔗古法老红糖土红糖非冰糖 散装400g
红糖,买5送1 金怡神老姜红糖 姜汁红糖老姜汤老姜茶 姜母茶姜糖茶200克
红糖,新纯正土红糖老红糖原榨纯天然蔗糖红糖粉红糖散装批发500g
红糖,云南红糖 黑糖块古法纯手工老红糖 特产土红糖甘蔗熬制400g
红糖,【天猫超市】舒可曼赤砂糖 俗称红糖350g 女生经期红糖凉拌冲饮
红糖,广西古法方红糖正宗手工土黑糖老红糖块甘蔗土法熬制痛经500g
红糖,许氏醇品手工古法红糖 黑糖红糖块土红糖 非云南月子痛经 包邮
红糖,台湾进口黑金传奇黑糖姜母茶 红糖生姜茶老姜汤 暖宫驱寒455g包邮
红糖,博罗 观音阁红糖 土红糖 中国黑糖 惠州博罗观音阁特产
红糖,云南特产古法红糖手工熬制黑糖块元宝土红糖纯正老 400g*2袋
红糖,广西古法方红糖正宗手工土黑糖老红糖块甘蔗土法熬制酵素必备500g
红糖,广西正宗纯甘蔗土红糖农家黑糖超云南老红糖块酵素产妇月子糖包邮
红糖,广西红糖古法土制红糖手工老红糖黑糖块暖宫痛经月子产妇月子
红糖,包邮古法土红糖块黑糖块1000克 云南纯手工老红糖 糖厂做来自吃的
红糖,5斤 广西甘蔗老红糖 黄糖片 酵素用糖 红片糖 黄片糖 批发 包邮
红糖,【天猫超市】 太古 姜汁红糖 300g 袋装 食用糖 调味佳品
红糖,冠莲古法红糖批发老红糖黑糖手工红糖块甘蔗熬制糖纯正土包邮
红糖,2斤包邮农家自制土红糖块批发广西月子痛经纯甘蔗古法手工黑糖
红糖,金怡神月月红糖生姜汁大姨妈枣枸杞古法黑糖女生月经独立小袋装
红糖,2份包邮 太古姜汁红糖225g 红糖姜茶红糖姜汤 独立小包装可冲
红糖,广西红糖老红糖土黑糖手工老红糖黑糖非云南非冰糖批发500克每件
红糖,【拍下9.9元】四月茶侬姜茶 红糖姜茶200g红糖块姜母茶速溶老姜汤
红糖,茶先森 红糖姜茶 姜汁红糖 姜红糖 生姜红糖 老姜汤姜母茶 共40条
红糖,古法手工姜母红糖生姜汁老姜汤 红糖姜茶驱寒暖宫痛经黑糖块500g
红糖,买1送1轩庆云南红糖 黑糖块古法手工老红糖 特产土红糖甘蔗黑糖茶
红糖,包邮:5月产台湾黑金传奇黑糖姜母茶 红糖生姜茶 暖宫驱寒老姜汁汤
红糖,红糖 自家土老古法红糖黑糖 纯甘蔗 非冰糖250g 老红糖块满额包邮
红糖,9.9抢轩庆红糖姜茶 黑糖姜茶 生姜红糖块速溶老姜汤黑糖块姜母茶
红糖,艺福堂红糖姜茶 包邮 姜茶 生姜红糖 花草茶 速溶老姜汤 125g*2盒
红糖,冠莲 古法红糖老红糖黑糖土红糖块手工红糖甘蔗糖纯正2000克包邮
红糖,特价抢购 红糖姜茶 杯口留香红糖姜块茶200g姜母茶速溶老姜汤包邮
红糖,百寿元广西甘蔗土红糖农家黑糖手工老红糖块粉古法蔗糖500g*2包邮
红糖,黑糖姜茶驱寒老姜汤姜母茶古法红糖暖宫痛经姜丝红枣超量250g包邮
红糖,云南手工古法黑糖/红糖/老红糖块 月子大姨妈 独立包装 500g
红糖,18元包邮云南小粒黄冰糖老冰糖500g非白糖粉古法黑糖土红糖块批发
红糖,[150gx2盒]焕畅红糖姜茶 姜汁红糖 姜母茶 老姜汤 阿胶 姜糖茶
红糖,【寿全斋 老红糖姜茶120g+红枣姜茶120g】红糖老姜汤姜糖茶姜母茶
红糖,农家特产手工古法老红糖黑糖粉甘蔗土红糖500g 月子痛经滋补包邮
红糖,甘汁园红糖纯正红糖350克袋装红糖古法老红糖粉原料甘蔗
红糖,四川农家正宗古法纯甘蔗老红糖土红糖块土黑糖块产妇月子500g
红糖,买3送1 土红糖 赣南老红糖 红糖块 甘蔗熬制江西特产 500g
红糖,金怡神老姜红糖生姜母姜汁大红枣姜茶姜水驱寒暖宫黑糖独立装批发
红糖,买1送黄冰糖 赣南甘蔗红糖1000g 红糖块 老红糖 土 江西特产
红糖,花姐云南黑糖块 元宝红糖块甘蔗古法老红糖土红糖非冰糖 散装400g
红糖,买5送1 金怡神老姜红糖 姜汁红糖老姜汤老姜茶 姜母茶姜糖茶200克
红糖,新纯正土红糖老红糖原榨纯天然蔗糖红糖粉红糖散装批发500g
红糖,云南红糖 黑糖块古法纯手工老红糖 特产土红糖甘蔗熬制400g
红糖,【天猫超市】舒可曼赤砂糖 俗称红糖350g 女生经期红糖凉拌冲饮
红糖,广西古法方红糖正宗手工土黑糖老红糖块甘蔗土法熬制痛经500g
红糖,许氏醇品手工古法红糖 黑糖红糖块土红糖 非云南月子痛经 包邮
红糖,台湾进口黑金传奇黑糖姜母茶 红糖生姜茶老姜汤 暖宫驱寒455g包邮
红糖,博罗 观音阁红糖 土红糖 中国黑糖 惠州博罗观音阁特产
红糖,云南特产古法红糖手工熬制黑糖块元宝土红糖纯正老 400g*2袋
红糖,广西古法方红糖正宗手工土黑糖老红糖块甘蔗土法熬制酵素必备500g
红糖,广西正宗纯甘蔗土红糖农家黑糖超云南老红糖块酵素产妇月子糖包邮
红糖,广西红糖古法土制红糖手工老红糖黑糖块暖宫痛经月子产妇月子
红糖,包邮古法土红糖块黑糖块1000克 云南纯手工老红糖 糖厂做来自吃的
红糖,5斤 广西甘蔗老红糖 黄糖片 酵素用糖 红片糖 黄片糖 批发 包邮
红糖,【天猫超市】 太古 姜汁红糖 300g 袋装 食用糖 调味佳品
红糖,冠莲古法红糖批发老红糖黑糖手工红糖块甘蔗熬制糖纯正土包邮
红糖,2斤包邮农家自制土红糖块批发广西月子痛经纯甘蔗古法手工黑糖
红糖,金怡神月月红糖生姜汁大姨妈枣枸杞古法黑糖女生月经独立小袋装
红糖,2份包邮 太古姜汁红糖225g 红糖姜茶红糖姜汤 独立小包装可冲
红糖,广西红糖老红糖土黑糖手工老红糖黑糖非云南非冰糖批发500克每件
红糖,【拍下9.9元】四月茶侬姜茶 红糖姜茶200g红糖块姜母茶速溶老姜汤
红糖,茶先森 红糖姜茶 姜汁红糖 姜红糖 生姜红糖 老姜汤姜母茶 共40条
红糖,古法手工姜母红糖生姜汁老姜汤 红糖姜茶驱寒暖宫痛经黑糖块500g
红糖,买1送1轩庆云南红糖 黑糖块古法手工老红糖 特产土红糖甘蔗黑糖茶
红糖,包邮:5月产台湾黑金传奇黑糖姜母茶 红糖生姜茶 暖宫驱寒老姜汁汤
红糖,红糖 自家土老古法红糖黑糖 纯甘蔗 非冰糖250g 老红糖块满额包邮
红糖,9.9抢轩庆红糖姜茶 黑糖姜茶 生姜红糖块速溶老姜汤黑糖块姜母茶
红糖,艺福堂红糖姜茶 包邮 姜茶 生姜红糖 花草茶 速溶老姜汤 125g*2盒
红糖,冠莲 古法红糖老红糖黑糖土红糖块手工红糖甘蔗糖纯正2000克包邮
红糖,特价抢购 红糖姜茶 杯口留香红糖姜块茶200g姜母茶速溶老姜汤包邮
红糖,百寿元广西甘蔗土红糖农家黑糖手工老红糖块粉古法蔗糖500g*2包邮
红糖,黑糖姜茶驱寒老姜汤姜母茶古法红糖暖宫痛经姜丝红枣超量250g包邮
红糖,云南手工古法黑糖/红糖/老红糖块 月子大姨妈 独立包装 500g
红糖,18元包邮云南小粒黄冰糖老冰糖500g非白糖粉古法黑糖土红糖块批发
红糖,[150gx2盒]焕畅红糖姜茶 姜汁红糖 姜母茶 老姜汤 阿胶 姜糖茶
红糖,【寿全斋 老红糖姜茶120g+红枣姜茶120g】红糖老姜汤姜糖茶姜母茶
红糖,4送1包邮金怡神老姜红糖 红枣姜茶 速溶老姜汤 生姜母姜汁茶 12包
红糖,甘汁园红糖纯正红糖350克袋装红糖古法老红糖粉原料甘蔗
红糖,四川农家正宗古法纯甘蔗老红糖土红糖块土黑糖块产妇月子500g
红糖,买3送1 土红糖 赣南老红糖 红糖块 甘蔗熬制江西特产 500g
红糖,金怡神老姜红糖生姜母姜汁大红枣姜茶姜水驱寒暖宫黑糖独立装批发
红糖,买1送黄冰糖 赣南甘蔗红糖1000g 红糖块 老红糖 土 江西特产
红糖,花姐云南黑糖块 元宝红糖块甘蔗古法老红糖土红糖非冰糖 散装400g
红糖,买5送1 金怡神老姜红糖 姜汁红糖老姜汤老姜茶 姜母茶姜糖茶200克
红糖,新纯正土红糖老红糖原榨纯天然蔗糖红糖粉红糖散装批发500g
红糖,云南红糖 黑糖块古法纯手工老红糖 特产土红糖甘蔗熬制400g
红糖,【天猫超市】舒可曼赤砂糖 俗称红糖350g 女生经期红糖凉拌冲饮
红糖,广西古法方红糖正宗手工土黑糖老红糖块甘蔗土法熬制痛经500g
红糖,许氏醇品手工古法红糖 黑糖红糖块土红糖 非云南月子痛经 包邮
红糖,台湾进口黑金传奇黑糖姜母茶 红糖生姜茶老姜汤 暖宫驱寒455g包邮
红糖,博罗 观音阁红糖 土红糖 中国黑糖 惠州博罗观音阁特产
红糖,云南特产古法红糖手工熬制黑糖块元宝土红糖纯正老 400g*2袋
红糖,广西古法方红糖正宗手工土黑糖老红糖块甘蔗土法熬制酵素必备500g
红糖,广西正宗纯甘蔗土红糖农家黑糖超云南老红糖块酵素产妇月子糖包邮
红糖,广西红糖古法土制红糖手工老红糖黑糖块暖宫痛经月子产妇月子
红糖,包邮古法土红糖块黑糖块1000克 云南纯手工老红糖 糖厂做来自吃的
红糖,5斤 广西甘蔗老红糖 黄糖片 酵素用糖 红片糖 黄片糖 批发 包邮
红糖,【天猫超市】 太古 姜汁红糖 300g 袋装 食用糖 调味佳品
红糖,冠莲古法红糖批发老红糖黑糖手工红糖块甘蔗熬制糖纯正土包邮
红糖,2斤包邮农家自制土红糖块批发广西月子痛经纯甘蔗古法手工黑糖
红糖,金怡神月月红糖生姜汁大姨妈枣枸杞古法黑糖女生月经独立小袋装
红糖,2份包邮 太古姜汁红糖225g 红糖姜茶红糖姜汤 独立小包装可冲
红糖,广西红糖老红糖土黑糖手工老红糖黑糖非云南非冰糖批发500克每件
红糖,【拍下9.9元】四月茶侬姜茶 红糖姜茶200g红糖块姜母茶速溶老姜汤
红糖,茶先森 红糖姜茶 姜汁红糖 姜红糖 生姜红糖 老姜汤姜母茶 共40条
红糖,古法手工姜母红糖生姜汁老姜汤 红糖姜茶驱寒暖宫痛经黑糖块500g
红糖,买1送1轩庆云南红糖 黑糖块古法手工老红糖 特产土红糖甘蔗黑糖茶
红糖,包邮:5月产台湾黑金传奇黑糖姜母茶 红糖生姜茶 暖宫驱寒老姜汁汤
红糖,红糖 自家土老古法红糖黑糖 纯甘蔗 非冰糖250g 老红糖块满额包邮
红糖,9.9抢轩庆红糖姜茶 黑糖姜茶 生姜红糖块速溶老姜汤黑糖块姜母茶
红糖,艺福堂红糖姜茶 包邮 姜茶 生姜红糖 花草茶 速溶老姜汤 125g*2盒
红糖,冠莲 古法红糖老红糖黑糖土红糖块手工红糖甘蔗糖纯正2000克包邮
红糖,特价抢购 红糖姜茶 杯口留香红糖姜块茶200g姜母茶速溶老姜汤包邮
红糖,百寿元广西甘蔗土红糖农家黑糖手工老红糖块粉古法蔗糖500g*2包邮
红糖,黑糖姜茶驱寒老姜汤姜母茶古法红糖暖宫痛经姜丝红枣超量250g包邮
红糖,云南手工古法黑糖/红糖/老红糖块 月子大姨妈 独立包装 500g
红糖,18元包邮云南小粒黄冰糖老冰糖500g非白糖粉古法黑糖土红糖块批发
红糖,[150gx2盒]焕畅红糖姜茶 姜汁红糖 姜母茶 老姜汤 阿胶 姜糖茶
红糖,【寿全斋 老红糖姜茶120g+红枣姜茶120g】红糖老姜汤姜糖茶姜母茶
红糖,4送1包邮金怡神老姜红糖 红枣姜茶 速溶老姜汤 生姜母姜汁茶 12包
红糖,金怡神阿胶红糖 正宗广西甘蔗大枣水 女生月经小袋装独立包装批发
红糖,四川农家正宗古法纯甘蔗老红糖土红糖块土黑糖块产妇月子500g
红糖,买3送1 土红糖 赣南老红糖 红糖块 甘蔗熬制江西特产 500g
红糖,金怡神老姜红糖生姜母姜汁大红枣姜茶姜水驱寒暖宫黑糖独立装批发
红糖,买1送黄冰糖 赣南甘蔗红糖1000g 红糖块 老红糖 土 江西特产
红糖,花姐云南黑糖块 元宝红糖块甘蔗古法老红糖土红糖非冰糖 散装400g
红糖,买5送1 金怡神老姜红糖 姜汁红糖老姜汤老姜茶 姜母茶姜糖茶200克
红糖,新纯正土红糖老红糖原榨纯天然蔗糖红糖粉红糖散装批发500g
红糖,云南红糖 黑糖块古法纯手工老红糖 特产土红糖甘蔗熬制400g
红糖,【天猫超市】舒可曼赤砂糖 俗称红糖350g 女生经期红糖凉拌冲饮
红糖,广西古法方红糖正宗手工土黑糖老红糖块甘蔗土法熬制痛经500g
红糖,许氏醇品手工古法红糖 黑糖红糖块土红糖 非云南月子痛经 包邮
红糖,台湾进口黑金传奇黑糖姜母茶 红糖生姜茶老姜汤 暖宫驱寒455g包邮
红糖,博罗 观音阁红糖 土红糖 中国黑糖 惠州博罗观音阁特产
红糖,云南特产古法红糖手工熬制黑糖块元宝土红糖纯正老 400g*2袋
红糖,广西古法方红糖正宗手工土黑糖老红糖块甘蔗土法熬制酵素必备500g
红糖,广西正宗纯甘蔗土红糖农家黑糖超云南老红糖块酵素产妇月子糖包邮
红糖,广西红糖古法土制红糖手工老红糖黑糖块暖宫痛经月子产妇月子
红糖,包邮古法土红糖块黑糖块1000克 云南纯手工老红糖 糖厂做来自吃的
红糖,5斤 广西甘蔗老红糖 黄糖片 酵素用糖 红片糖 黄片糖 批发 包邮
红糖,【天猫超市】 太古 姜汁红糖 300g 袋装 食用糖 调味佳品
红糖,冠莲古法红糖批发老红糖黑糖手工红糖块甘蔗熬制糖纯正土包邮
红糖,2斤包邮农家自制土红糖块批发广西月子痛经纯甘蔗古法手工黑糖
红糖,金怡神月月红糖生姜汁大姨妈枣枸杞古法黑糖女生月经独立小袋装
红糖,2份包邮 太古姜汁红糖225g 红糖姜茶红糖姜汤 独立小包装可冲
红糖,广西红糖老红糖土黑糖手工老红糖黑糖非云南非冰糖批发500克每件
红糖,【拍下9.9元】四月茶侬姜茶 红糖姜茶200g红糖块姜母茶速溶老姜汤
红糖,茶先森 红糖姜茶 姜汁红糖 姜红糖 生姜红糖 老姜汤姜母茶 共40条
红糖,古法手工姜母红糖生姜汁老姜汤 红糖姜茶驱寒暖宫痛经黑糖块500g
红糖,买1送1轩庆云南红糖 黑糖块古法手工老红糖 特产土红糖甘蔗黑糖茶
红糖,包邮:5月产台湾黑金传奇黑糖姜母茶 红糖生姜茶 暖宫驱寒老姜汁汤
红糖,红糖 自家土老古法红糖黑糖 纯甘蔗 非冰糖250g 老红糖块满额包邮
红糖,9.9抢轩庆红糖姜茶 黑糖姜茶 生姜红糖块速溶老姜汤黑糖块姜母茶
红糖,艺福堂红糖姜茶 包邮 姜茶 生姜红糖 花草茶 速溶老姜汤 125g*2盒
红糖,冠莲 古法红糖老红糖黑糖土红糖块手工红糖甘蔗糖纯正2000克包邮
红糖,特价抢购 红糖姜茶 杯口留香红糖姜块茶200g姜母茶速溶老姜汤包邮
红糖,百寿元广西甘蔗土红糖农家黑糖手工老红糖块粉古法蔗糖500g*2包邮
红糖,黑糖姜茶驱寒老姜汤姜母茶古法红糖暖宫痛经姜丝红枣超量250g包邮
红糖,云南手工古法黑糖/红糖/老红糖块 月子大姨妈 独立包装 500g
红糖,18元包邮云南小粒黄冰糖老冰糖500g非白糖粉古法黑糖土红糖块批发
红糖,[150gx2盒]焕畅红糖姜茶 姜汁红糖 姜母茶 老姜汤 阿胶 姜糖茶
红糖,【寿全斋 老红糖姜茶120g+红枣姜茶120g】红糖老姜汤姜糖茶姜母茶
红糖,4送1包邮金怡神老姜红糖 红枣姜茶 速溶老姜汤 生姜母姜汁茶 12包
红糖,金怡神阿胶红糖 正宗广西甘蔗大枣水 女生月经小袋装独立包装批发
红糖,【忠来_老红糖】红糖 3袋包邮 土红糖 红绵糖 400g
红糖,买3送1 土红糖 赣南老红糖 红糖块 甘蔗熬制江西特产 500g
红糖,金怡神老姜红糖生姜母姜汁大红枣姜茶姜水驱寒暖宫黑糖独立装批发
红糖,买1送黄冰糖 赣南甘蔗红糖1000g 红糖块 老红糖 土 江西特产
红糖,花姐云南黑糖块 元宝红糖块甘蔗古法老红糖土红糖非冰糖 散装400g
红糖,买5送1 金怡神老姜红糖 姜汁红糖老姜汤老姜茶 姜母茶姜糖茶200克
红糖,新纯正土红糖老红糖原榨纯天然蔗糖红糖粉红糖散装批发500g
红糖,云南红糖 黑糖块古法纯手工老红糖 特产土红糖甘蔗熬制400g
红糖,【天猫超市】舒可曼赤砂糖 俗称红糖350g 女生经期红糖凉拌冲饮
红糖,广西古法方红糖正宗手工土黑糖老红糖块甘蔗土法熬制痛经500g
红糖,许氏醇品手工古法红糖 黑糖红糖块土红糖 非云南月子痛经 包邮
红糖,台湾进口黑金传奇黑糖姜母茶 红糖生姜茶老姜汤 暖宫驱寒455g包邮
红糖,博罗 观音阁红糖 土红糖 中国黑糖 惠州博罗观音阁特产
红糖,云南特产古法红糖手工熬制黑糖块元宝土红糖纯正老 400g*2袋
红糖,广西古法方红糖正宗手工土黑糖老红糖块甘蔗土法熬制酵素必备500g
红糖,广西正宗纯甘蔗土红糖农家黑糖超云南老红糖块酵素产妇月子糖包邮
红糖,广西红糖古法土制红糖手工老红糖黑糖块暖宫痛经月子产妇月子
红糖,包邮古法土红糖块黑糖块1000克 云南纯手工老红糖 糖厂做来自吃的
红糖,5斤 广西甘蔗老红糖 黄糖片 酵素用糖 红片糖 黄片糖 批发 包邮
红糖,【天猫超市】 太古 姜汁红糖 300g 袋装 食用糖 调味佳品
红糖,冠莲古法红糖批发老红糖黑糖手工红糖块甘蔗熬制糖纯正土包邮
红糖,2斤包邮农家自制土红糖块批发广西月子痛经纯甘蔗古法手工黑糖
红糖,金怡神月月红糖生姜汁大姨妈枣枸杞古法黑糖女生月经独立小袋装
红糖,2份包邮 太古姜汁红糖225g 红糖姜茶红糖姜汤 独立小包装可冲
红糖,广西红糖老红糖土黑糖手工老红糖黑糖非云南非冰糖批发500克每件
红糖,【拍下9.9元】四月茶侬姜茶 红糖姜茶200g红糖块姜母茶速溶老姜汤
红糖,茶先森 红糖姜茶 姜汁红糖 姜红糖 生姜红糖 老姜汤姜母茶 共40条
红糖,古法手工姜母红糖生姜汁老姜汤 红糖姜茶驱寒暖宫痛经黑糖块500g
红糖,买1送1轩庆云南红糖 黑糖块古法手工老红糖 特产土红糖甘蔗黑糖茶
红糖,包邮:5月产台湾黑金传奇黑糖姜母茶 红糖生姜茶 暖宫驱寒老姜汁汤
红糖,红糖 自家土老古法红糖黑糖 纯甘蔗 非冰糖250g 老红糖块满额包邮
红糖,9.9抢轩庆红糖姜茶 黑糖姜茶 生姜红糖块速溶老姜汤黑糖块姜母茶
红糖,艺福堂红糖姜茶 包邮 姜茶 生姜红糖 花草茶 速溶老姜汤 125g*2盒
红糖,冠莲 古法红糖老红糖黑糖土红糖块手工红糖甘蔗糖纯正2000克包邮
红糖,特价抢购 红糖姜茶 杯口留香红糖姜块茶200g姜母茶速溶老姜汤包邮
红糖,百寿元广西甘蔗土红糖农家黑糖手工老红糖块粉古法蔗糖500g*2包邮
红糖,黑糖姜茶驱寒老姜汤姜母茶古法红糖暖宫痛经姜丝红枣超量250g包邮
红糖,云南手工古法黑糖/红糖/老红糖块 月子大姨妈 独立包装 500g
红糖,18元包邮云南小粒黄冰糖老冰糖500g非白糖粉古法黑糖土红糖块批发
红糖,[150gx2盒]焕畅红糖姜茶 姜汁红糖 姜母茶 老姜汤 阿胶 姜糖茶
红糖,【寿全斋 老红糖姜茶120g+红枣姜茶120g】红糖老姜汤姜糖茶姜母茶
红糖,4送1包邮金怡神老姜红糖 红枣姜茶 速溶老姜汤 生姜母姜汁茶 12包
红糖,金怡神阿胶红糖 正宗广西甘蔗大枣水 女生月经小袋装独立包装批发
红糖,【忠来_老红糖】红糖 3袋包邮 土红糖 红绵糖 400g
红糖,【天天特价】土红糖 产妇坐月子痛经 农家自制红糖
强力,强力粘胶挂钩厨房粘钩无痕墙壁吸盘挂钩浴室创意壁挂承重免钉钩子
强力,正品3M双面胶超强力无痕超薄泡沫海绵防水车用胶带汽车专用粘胶贴
强力,创意铁艺门后挂钩无痕粘钩强力衣架 挂衣钩衣服壁挂免钉衣挂特价
强力,强力粘胶厨房无痕挂钩墙壁吸盘粘钩浴室创意壁挂门后承重免钉钩子
强力,1件20片包邮 超强吸铁石永磁强磁铁强磁12x3圆形磁铁12*3磁铁
强力,50ML 补鞋胶水强力修鞋胶粘鞋胶补皮鞋专用胶布鞋运动鞋软性胶水
强力,香港代购 正品星加坡怡安堂大力猴万应膏65g 强力止痛 进口
强力,强力舒兽药猪牛羊药强力霉素多西环素抗菌消炎100克10袋包邮袋价
强力,强力床垫 内强型 弹簧床垫席梦思 1米/1.2米/1.5米/1.8米家具
强力,LED户外大屏M4磁柱大型显示屏磁柱强力显示屏磁柱大号磁铁强磁力
强力,强力正品情侣初学羽毛球拍家庭学生双拍碳素控球型训练拍2支包邮
强力,正品强力 活性焊锡丝 松香焊锡线 63A 0.5 0.8mm 1.0mm 500g包邮
强力,坤宁王杀灭蚂蚁药强力家用消灭除红黄黑驱蚂蚁全窝端包邮灭蚁饵剂
强力,磁铁 强磁 25片包邮 圆形强力磁铁10x2mm 办公教学好帮手
强力,超强力承重粘胶挂钩厨房门后挂钩不锈钢创意粘钩贴墙壁墙贴粘钩
强力,8个装吸盘挂钩 超强力真空吸盘无痕挂钩厨房卫生间浴室粘钩
强力,韩国泡棉代替3M双面胶汽车装饰用品超强力无痕3M海绵泡沫双面胶带
强力,【天天特价】强力吸壁式浴室厕所收纳架吸盘卫生间置物架厨房塑料
强力,狗狗药品宠物医疗用品宠物肠胃药流眼水便秘泰迪犬肠胃康
强力,包邮 大猩猩 强力木工胶水 木材家具吉他模型 防水环保无毒 532ml
强力,5片包邮 长方形磁铁50*10*5mm 钕铁硼强力磁钢吸铁石 稀土强磁
强力,强力吸铁石M32打捞磁铁钕铁硼强磁铁圆形磁铁防撞强磁铁磁石磁钢
强力,【天天特价】24个粘钩包邮强力承重挂钩创意粘钩买2件送小号12个
强力,门后挂钩s型粘钩强力粘胶挂钩无痕衣架挂衣架墙壁挂不锈钢创意
强力,香港正品 正宗香港陈日兴强力破痛油 香港代购 止血止痛 常备药油
强力,达特铝业正品 led显示屏边框9035直角铝材 控制卡 创联电源
强力,羽毛球拍 正品 强力 5543全碳素一体成型羽拍(含钛) 攻守兼备
强力,美德华强力多维
强力,强力彩亮LED显示专用排线16PIN排线25CM16P显示屏排线扁信号平线
强力,本店促销 名牌床垫 强力王 席梦思床垫 超值享用 还是免费送货哦
强力,TOSOT/大松GDF-4012D方形蒸钣锅正品家用强力预约定时智能电饭煲
强力,特价包邮强力单支装羽毛球拍一体成型全碳素纤维室内外健身运动
强力,不锈钢厨房s型挂钩多功能墙壁门后衣橱金属小号大号钩子s形勾
强力,6年不掉强力吸盘挂钩透明无痕挂钩魔力瓷砖玻璃免钉防水创意粘钩
强力,匡通品牌 表贴p10半户外单绿工程板 led显示屏单元板 强力推荐
强力,4号品牌床垫 北京强力王床垫单/双人席梦思弹簧1米/1.2/1.5米/1.8
强力,进口ergo5910粘金属塑料亚克力无气味低白化环保强力快干专用胶水
强力,强力橡胶软磁条50x1.5mm1米教学纱窗磁条贴 对吸软磁铁条强磁条
强力,包邮透明双面吸盘两面玻璃垫子吸盘茶几垫子吸盘大小固定吸盘
强力,羽毛球拍正品强力B21-2铝合金3/4一体羽拍 情侣2只装
强力,医药级蒙脱石，成人及儿童慢性腹泻的原料药，强力止泻，
强力,强力 CFXB18-b-2 不粘锅电饭煲 2l迷你学生1-2-3人小型电饭锅正品
强力,灭杀除蟑螂药全窝端特效无毒家用达豪强力灭蟑清粉贴屋捕捉器包邮
强力,得力502胶水 强力胶 可粘塑料金属玻璃陶瓷补鞋胶水5瓶胶水
强力,高纯度拇力焊锡条 63A (足63%锡) 500g/根 低熔点抗氧化 超
强力,3m双面胶强力超薄海绵耐高温无痕防水泡沫车用胶带汽车专用粘胶贴
强力,浴室强力吸盘电吹风置物架壁挂式吹风机架放吹风筒架子卫生间支架
强力,强力水霉净，灭霉菌杀真菌 防治水霉病、康益达专用水霉病龟药
强力,1件20片包邮 超强吸铁石永磁强磁铁强磁12x3圆形磁铁12*3磁铁
强力,50ML 补鞋胶水强力修鞋胶粘鞋胶补皮鞋专用胶布鞋运动鞋软性胶水
强力,香港代购 正品星加坡怡安堂大力猴万应膏65g 强力止痛 进口
强力,强力舒兽药猪牛羊药强力霉素多西环素抗菌消炎100克10袋包邮袋价
强力,强力床垫 内强型 弹簧床垫席梦思 1米/1.2米/1.5米/1.8米家具
强力,LED户外大屏M4磁柱大型显示屏磁柱强力显示屏磁柱大号磁铁强磁力
强力,强力正品情侣初学羽毛球拍家庭学生双拍碳素控球型训练拍2支包邮
强力,正品强力 活性焊锡丝 松香焊锡线 63A 0.5 0.8mm 1.0mm 500g包邮
强力,坤宁王杀灭蚂蚁药强力家用消灭除红黄黑驱蚂蚁全窝端包邮灭蚁饵剂
强力,磁铁 强磁 25片包邮 圆形强力磁铁10x2mm 办公教学好帮手
强力,超强力承重粘胶挂钩厨房门后挂钩不锈钢创意粘钩贴墙壁墙贴粘钩
强力,8个装吸盘挂钩 超强力真空吸盘无痕挂钩厨房卫生间浴室粘钩
强力,韩国泡棉代替3M双面胶汽车装饰用品超强力无痕3M海绵泡沫双面胶带
强力,【天天特价】强力吸壁式浴室厕所收纳架吸盘卫生间置物架厨房塑料
强力,狗狗药品宠物医疗用品宠物肠胃药流眼水便秘泰迪犬肠胃康
强力,包邮 大猩猩 强力木工胶水 木材家具吉他模型 防水环保无毒 532ml
强力,5片包邮 长方形磁铁50*10*5mm 钕铁硼强力磁钢吸铁石 稀土强磁
强力,强力吸铁石M32打捞磁铁钕铁硼强磁铁圆形磁铁防撞强磁铁磁石磁钢
强力,【天天特价】24个粘钩包邮强力承重挂钩创意粘钩买2件送小号12个
强力,门后挂钩s型粘钩强力粘胶挂钩无痕衣架挂衣架墙壁挂不锈钢创意
强力,香港正品 正宗香港陈日兴强力破痛油 香港代购 止血止痛 常备药油
强力,达特铝业正品 led显示屏边框9035直角铝材 控制卡 创联电源
强力,羽毛球拍 正品 强力 5543全碳素一体成型羽拍(含钛) 攻守兼备
强力,美德华强力多维
强力,强力彩亮LED显示专用排线16PIN排线25CM16P显示屏排线扁信号平线
强力,本店促销 名牌床垫 强力王 席梦思床垫 超值享用 还是免费送货哦
强力,TOSOT/大松GDF-4012D方形蒸钣锅正品家用强力预约定时智能电饭煲
强力,特价包邮强力单支装羽毛球拍一体成型全碳素纤维室内外健身运动
强力,不锈钢厨房s型挂钩多功能墙壁门后衣橱金属小号大号钩子s形勾
强力,6年不掉强力吸盘挂钩透明无痕挂钩魔力瓷砖玻璃免钉防水创意粘钩
强力,匡通品牌 表贴p10半户外单绿工程板 led显示屏单元板 强力推荐
强力,4号品牌床垫 北京强力王床垫单/双人席梦思弹簧1米/1.2/1.5米/1.8
强力,进口ergo5910粘金属塑料亚克力无气味低白化环保强力快干专用胶水
强力,强力橡胶软磁条50x1.5mm1米教学纱窗磁条贴 对吸软磁铁条强磁条
强力,包邮透明双面吸盘两面玻璃垫子吸盘茶几垫子吸盘大小固定吸盘
强力,羽毛球拍正品强力B21-2铝合金3/4一体羽拍 情侣2只装
强力,医药级蒙脱石，成人及儿童慢性腹泻的原料药，强力止泻，
强力,强力 CFXB18-b-2 不粘锅电饭煲 2l迷你学生1-2-3人小型电饭锅正品
强力,灭杀除蟑螂药全窝端特效无毒家用达豪强力灭蟑清粉贴屋捕捉器包邮
强力,得力502胶水 强力胶 可粘塑料金属玻璃陶瓷补鞋胶水5瓶胶水
强力,高纯度拇力焊锡条 63A (足63%锡) 500g/根 低熔点抗氧化 超
强力,3m双面胶强力超薄海绵耐高温无痕防水泡沫车用胶带汽车专用粘胶贴
强力,浴室强力吸盘电吹风置物架壁挂式吹风机架放吹风筒架子卫生间支架
强力,强力水霉净，灭霉菌杀真菌 防治水霉病、康益达专用水霉病龟药
强力,50ML 补鞋胶水强力修鞋胶粘鞋胶补皮鞋专用胶布鞋运动鞋软性胶水
强力,香港代购 正品星加坡怡安堂大力猴万应膏65g 强力止痛 进口
强力,强力舒兽药猪牛羊药强力霉素多西环素抗菌消炎100克10袋包邮袋价
强力,强力床垫 内强型 弹簧床垫席梦思 1米/1.2米/1.5米/1.8米家具
强力,LED户外大屏M4磁柱大型显示屏磁柱强力显示屏磁柱大号磁铁强磁力
强力,强力正品情侣初学羽毛球拍家庭学生双拍碳素控球型训练拍2支包邮
强力,正品强力 活性焊锡丝 松香焊锡线 63A 0.5 0.8mm 1.0mm 500g包邮
强力,坤宁王杀灭蚂蚁药强力家用消灭除红黄黑驱蚂蚁全窝端包邮灭蚁饵剂
强力,磁铁 强磁 25片包邮 圆形强力磁铁10x2mm 办公教学好帮手
强力,超强力承重粘胶挂钩厨房门后挂钩不锈钢创意粘钩贴墙壁墙贴粘钩
强力,8个装吸盘挂钩 超强力真空吸盘无痕挂钩厨房卫生间浴室粘钩
强力,韩国泡棉代替3M双面胶汽车装饰用品超强力无痕3M海绵泡沫双面胶带
强力,【天天特价】强力吸壁式浴室厕所收纳架吸盘卫生间置物架厨房塑料
强力,狗狗药品宠物医疗用品宠物肠胃药流眼水便秘泰迪犬肠胃康
强力,包邮 大猩猩 强力木工胶水 木材家具吉他模型 防水环保无毒 532ml
强力,5片包邮 长方形磁铁50*10*5mm 钕铁硼强力磁钢吸铁石 稀土强磁
强力,强力吸铁石M32打捞磁铁钕铁硼强磁铁圆形磁铁防撞强磁铁磁石磁钢
强力,【天天特价】24个粘钩包邮强力承重挂钩创意粘钩买2件送小号12个
强力,门后挂钩s型粘钩强力粘胶挂钩无痕衣架挂衣架墙壁挂不锈钢创意
强力,香港正品 正宗香港陈日兴强力破痛油 香港代购 止血止痛 常备药油
强力,达特铝业正品 led显示屏边框9035直角铝材 控制卡 创联电源
强力,羽毛球拍 正品 强力 5543全碳素一体成型羽拍(含钛) 攻守兼备
强力,美德华强力多维
强力,强力彩亮LED显示专用排线16PIN排线25CM16P显示屏排线扁信号平线
强力,本店促销 名牌床垫 强力王 席梦思床垫 超值享用 还是免费送货哦
强力,TOSOT/大松GDF-4012D方形蒸钣锅正品家用强力预约定时智能电饭煲
强力,特价包邮强力单支装羽毛球拍一体成型全碳素纤维室内外健身运动
强力,不锈钢厨房s型挂钩多功能墙壁门后衣橱金属小号大号钩子s形勾
强力,6年不掉强力吸盘挂钩透明无痕挂钩魔力瓷砖玻璃免钉防水创意粘钩
强力,匡通品牌 表贴p10半户外单绿工程板 led显示屏单元板 强力推荐
强力,4号品牌床垫 北京强力王床垫单/双人席梦思弹簧1米/1.2/1.5米/1.8
强力,进口ergo5910粘金属塑料亚克力无气味低白化环保强力快干专用胶水
强力,强力橡胶软磁条50x1.5mm1米教学纱窗磁条贴 对吸软磁铁条强磁条
强力,包邮透明双面吸盘两面玻璃垫子吸盘茶几垫子吸盘大小固定吸盘
强力,羽毛球拍正品强力B21-2铝合金3/4一体羽拍 情侣2只装
强力,医药级蒙脱石，成人及儿童慢性腹泻的原料药，强力止泻，
强力,强力 CFXB18-b-2 不粘锅电饭煲 2l迷你学生1-2-3人小型电饭锅正品
强力,灭杀除蟑螂药全窝端特效无毒家用达豪强力灭蟑清粉贴屋捕捉器包邮
强力,得力502胶水 强力胶 可粘塑料金属玻璃陶瓷补鞋胶水5瓶胶水
强力,高纯度拇力焊锡条 63A (足63%锡) 500g/根 低熔点抗氧化 超
强力,3m双面胶强力超薄海绵耐高温无痕防水泡沫车用胶带汽车专用粘胶贴
强力,浴室强力吸盘电吹风置物架壁挂式吹风机架放吹风筒架子卫生间支架
强力,强力水霉净，灭霉菌杀真菌 防治水霉病、康益达专用水霉病龟药
强力,【天天特价】包邮 透明穿孔蘑菇头吸盘汽车厨房浴室壁挂挂钩
强力,香港代购 正品星加坡怡安堂大力猴万应膏65g 强力止痛 进口
强力,强力舒兽药猪牛羊药强力霉素多西环素抗菌消炎100克10袋包邮袋价
强力,强力床垫 内强型 弹簧床垫席梦思 1米/1.2米/1.5米/1.8米家具
强力,LED户外大屏M4磁柱大型显示屏磁柱强力显示屏磁柱大号磁铁强磁力
强力,强力正品情侣初学羽毛球拍家庭学生双拍碳素控球型训练拍2支包邮
强力,正品强力 活性焊锡丝 松香焊锡线 63A 0.5 0.8mm 1.0mm 500g包邮
强力,坤宁王杀灭蚂蚁药强力家用消灭除红黄黑驱蚂蚁全窝端包邮灭蚁饵剂
强力,磁铁 强磁 25片包邮 圆形强力磁铁10x2mm 办公教学好帮手
强力,超强力承重粘胶挂钩厨房门后挂钩不锈钢创意粘钩贴墙壁墙贴粘钩
强力,8个装吸盘挂钩 超强力真空吸盘无痕挂钩厨房卫生间浴室粘钩
强力,韩国泡棉代替3M双面胶汽车装饰用品超强力无痕3M海绵泡沫双面胶带
强力,【天天特价】强力吸壁式浴室厕所收纳架吸盘卫生间置物架厨房塑料
强力,狗狗药品宠物医疗用品宠物肠胃药流眼水便秘泰迪犬肠胃康
强力,包邮 大猩猩 强力木工胶水 木材家具吉他模型 防水环保无毒 532ml
强力,5片包邮 长方形磁铁50*10*5mm 钕铁硼强力磁钢吸铁石 稀土强磁
强力,强力吸铁石M32打捞磁铁钕铁硼强磁铁圆形磁铁防撞强磁铁磁石磁钢
强力,【天天特价】24个粘钩包邮强力承重挂钩创意粘钩买2件送小号12个
强力,门后挂钩s型粘钩强力粘胶挂钩无痕衣架挂衣架墙壁挂不锈钢创意
强力,香港正品 正宗香港陈日兴强力破痛油 香港代购 止血止痛 常备药油
强力,达特铝业正品 led显示屏边框9035直角铝材 控制卡 创联电源
强力,羽毛球拍 正品 强力 5543全碳素一体成型羽拍(含钛) 攻守兼备
强力,美德华强力多维
强力,强力彩亮LED显示专用排线16PIN排线25CM16P显示屏排线扁信号平线
强力,本店促销 名牌床垫 强力王 席梦思床垫 超值享用 还是免费送货哦
强力,TOSOT/大松GDF-4012D方形蒸钣锅正品家用强力预约定时智能电饭煲
强力,特价包邮强力单支装羽毛球拍一体成型全碳素纤维室内外健身运动
强力,不锈钢厨房s型挂钩多功能墙壁门后衣橱金属小号大号钩子s形勾
强力,6年不掉强力吸盘挂钩透明无痕挂钩魔力瓷砖玻璃免钉防水创意粘钩
强力,匡通品牌 表贴p10半户外单绿工程板 led显示屏单元板 强力推荐
强力,4号品牌床垫 北京强力王床垫单/双人席梦思弹簧1米/1.2/1.5米/1.8
强力,进口ergo5910粘金属塑料亚克力无气味低白化环保强力快干专用胶水
强力,强力橡胶软磁条50x1.5mm1米教学纱窗磁条贴 对吸软磁铁条强磁条
强力,包邮透明双面吸盘两面玻璃垫子吸盘茶几垫子吸盘大小固定吸盘
强力,羽毛球拍正品强力B21-2铝合金3/4一体羽拍 情侣2只装
强力,医药级蒙脱石，成人及儿童慢性腹泻的原料药，强力止泻，
强力,强力 CFXB18-b-2 不粘锅电饭煲 2l迷你学生1-2-3人小型电饭锅正品
强力,灭杀除蟑螂药全窝端特效无毒家用达豪强力灭蟑清粉贴屋捕捉器包邮
强力,得力502胶水 强力胶 可粘塑料金属玻璃陶瓷补鞋胶水5瓶胶水
强力,高纯度拇力焊锡条 63A (足63%锡) 500g/根 低熔点抗氧化 超
强力,3m双面胶强力超薄海绵耐高温无痕防水泡沫车用胶带汽车专用粘胶贴
强力,浴室强力吸盘电吹风置物架壁挂式吹风机架放吹风筒架子卫生间支架
强力,强力水霉净，灭霉菌杀真菌 防治水霉病、康益达专用水霉病龟药
强力,【天天特价】包邮 透明穿孔蘑菇头吸盘汽车厨房浴室壁挂挂钩
强力,强力